,00591-5307-01_PART_1_OF_1_CHAL10_SB_B8215C7A.jpg,00591-5307-01_PART_1_OF_1_CHAL10_SF_B8215C7A.jpg,00591-5335-01_PART_1_OF_1_CHAL10_SB_501DA84D.jpg,00591-5335-01_PART_1_OF_1_CHAL10_SF_501DA84D.jpg,00591-5442-01_PART_1_OF_1_CHAL10_SB_BA205D42.jpg,00591-5442-01_PART_1_OF_1_CHAL10_SF_BA205D42.jpg,00591-5554-01_PART_1_OF_1_CHAL10_SB_E52172FB.jpg,00591-5554-01_PART_1_OF_1_CHAL10_SF_E52172FB.jpg,00591-5556-01_PART_1_OF_1_CHAL10_SB_0E21876C.jpg,00591-5556-01_PART_1_OF_1_CHAL10_SF_0E21876C.jpg,00591-5694-01_PART_1_OF_1_CHAL10_SB_F90E7C93.jpg,00591-5694-01_PART_1_OF_1_CHAL10_SF_F90E7C93.jpg,00591-5788-01_PART_1_OF_1_CHAL10_SB_C51FE2DF.jpg,00591-5788-01_PART_1_OF_1_CHAL10_SF_C51FE2DF.jpg,00597-0044-37_PART_1_OF_1_CHAL10_SB_D116E8D7.jpg,00597-0044-37_PART_1_OF_1_CHAL10_SF_D116E8D7.jpg,00597-0046-60_PART_1_OF_1_CHAL10_SB_C01DE05F.jpg,00597-0046-60_PART_1_OF_1_CHAL10_SF_C01DE05F.jpg,00603-2406-21_PART_1_OF_1_CHAL10_SB_92204932.jpg,00603-2406-21_PART_1_OF_1_CHAL10_SF_92204932.jpg
1752.jpg,6,4,8,3,2,1,11,15,5,12,7,9,20,16,14,17,18,19,10,13
546.jpg,14,13,12,15,17,16,4,3,11,8,18,19,10,20,6,7,1,2,9,5
243.jpg,6,3,13,2,8,4,7,11,1,10,14,15,20,18,12,16,17,19,5,9
4891.jpg,10,9,14,7,1,2,13,16,3,8,5,4,20,15,12,17,18,19,6,11
3019.jpg,10,8,11,9,13,12,1,4,3,7,16,17,20,19,6,14,15,18,2,5
1891.jpg,11,10,13,12,16,15,2,1,7,6,18,19,17,20,4,9,8,14,5,3
295.jpg,12,11,13,10,6,3,8,9,1,4,15,16,20,18,7,14,17,19,2,5
763.jpg,6,4,9,3,2,1,12,15,5,11,7,8,20,16,14,17,18,19,10,13
4943.jpg,2,1,4,3,13,12,6,5,9,11,15,16,20,18,10,17,14,19,7,8
938.jpg,2,3,1,4,16,15,6,5,12,11,13,17,20,18,9,19,7,14,10,8
4985.jpg,3,2,4,1,6,5,11,12,9,14,7,8,20,16,15,17,18,19,10,13
3497.jpg,9,7,11,6,1,2,15,16,4,10,5,3,20,13,14,17,18,19,8,12
1185.jpg,3,2,4,1,9,6,10,8,11,16,5,7,20,14,15,18,17,19,12,13
4768.jpg,11,6,13,5,4,2,7,12,1,9,14,15,20,18,10,16,17,19,3,8
1242.jpg,3,2,4,1,7,8,12,11,10,16,5,6,20,9,15,18,17,19,13,14
2703.jpg,7,6,10,5,1,2,14,16,8,12,4,3,20,9,15,17,18,19,11,13
2455.jpg,5,4,8,3,6,7,12,13,10,15,1,2,20,9,16,17,18,19,11,14
740.jpg,3,2,4,1,11,9,6,7,5,13,14,15,20,18,12,17,16,19,8,10
373.jpg,3,2,4,1,6,5,10,11,7,15,8,9,20,16,14,18,17,19,12,13
915.jpg,11,9,13,10,15,14,1,3,7,6,18,19,17,20,4,8,12,16,5,2
536.jpg,3,1,4,2,13,12,6,5,7,11,14,15,20,18,10,17,16,19,8,9
529.jpg,3,2,4,1,9,8,7,6,5,14,12,15,20,16,13,18,17,19,10,11
2102.jpg,8,7,9,5,4,6,12,13,10,14,1,2,20,3,16,17,18,19,11,15
2343.jpg,9,8,12,7,1,3,15,16,6,11,4,2,20,5,14,17,18,19,10,13
2426.jpg,14,12,16,13,11,10,5,7,6,1,18,19,17,20,2,8,9,15,4,3
4989.jpg,12,11,13,9,8,3,6,10,1,4,15,16,20,18,7,14,17,19,2,5
1476.jpg,7,4,13,3,6,2,8,12,1,10,14,15,20,18,11,16,17,19,5,9
3078.jpg,8,7,9,6,4,5,13,16,10,12,2,1,20,3,15,17,18,19,11,14
1994.jpg,12,10,13,9,5,3,7,11,1,4,15,16,20,18,8,14,17,19,2,6
3143.jpg,12,9,13,7,4,2,8,11,1,5,14,15,20,18,10,16,17,19,3,6
1323.jpg,10,6,13,5,2,1,11,12,3,7,15,14,20,17,9,16,18,19,4,8
2472.jpg,1,2,4,3,13,12,6,5,7,14,10,15,20,16,11,18,17,19,8,9
516.jpg,3,2,4,1,10,5,9,6,7,15,8,12,20,16,14,18,17,19,11,13
1950.jpg,10,8,11,9,13,12,2,5,3,7,16,17,20,19,6,14,15,18,1,4
4177.jpg,4,1,6,2,13,12,5,3,10,11,16,17,20,19,9,15,14,18,8,7
1897.jpg,5,3,10,2,13,7,6,9,1,11,14,15,20,18,12,16,17,19,4,8
1318.jpg,2,1,3,4,14,12,6,5,10,11,15,16,20,19,9,17,13,18,8,7
195.jpg,3,2,4,1,10,8,7,6,5,13,14,15,20,16,12,18,17,19,9,11
1478.jpg,2,4,1,6,16,15,7,5,13,12,18,19,17,20,10,14,3,9,11,8
555.jpg,11,9,13,10,15,14,1,5,7,6,18,19,17,20,3,8,12,16,4,2
2583.jpg,6,5,8,4,2,1,13,15,3,9,10,11,20,16,14,17,18,19,7,12
1015.jpg,3,1,6,2,13,12,5,4,9,11,16,17,20,19,10,15,14,18,7,8
1373.jpg,2,1,3,4,14,13,6,5,10,11,16,18,20,19,9,15,12,17,8,7
774.jpg,12,9,14,10,11,8,6,7,1,4,16,17,19,20,5,13,15,18,2,3
1738.jpg,3,2,4,1,9,6,8,10,5,12,14,15,20,18,13,16,17,19,7,11
3863.jpg,3,2,4,1,7,6,8,9,5,13,14,15,20,16,12,18,17,19,10,11
2115.jpg,3,2,4,6,15,13,5,1,11,10,17,18,19,20,8,14,12,16,9,7
1160.jpg,8,4,11,5,13,12,2,6,1,10,16,17,20,19,9,14,15,18,3,7
18.jpg,4,3,5,1,8,9,12,11,10,15,2,6,20,7,16,18,17,19,13,14
4889.jpg,11,9,13,8,12,10,3,7,1,5,16,17,20,19,6,14,15,18,2,4
