,00591-5307-01_PART_1_OF_1_CHAL10_SB_B8215C7A.jpg,00591-5307-01_PART_1_OF_1_CHAL10_SF_B8215C7A.jpg,00591-5335-01_PART_1_OF_1_CHAL10_SB_501DA84D.jpg,00591-5335-01_PART_1_OF_1_CHAL10_SF_501DA84D.jpg,00591-5442-01_PART_1_OF_1_CHAL10_SB_BA205D42.jpg,00591-5442-01_PART_1_OF_1_CHAL10_SF_BA205D42.jpg,00591-5554-01_PART_1_OF_1_CHAL10_SB_E52172FB.jpg,00591-5554-01_PART_1_OF_1_CHAL10_SF_E52172FB.jpg,00591-5556-01_PART_1_OF_1_CHAL10_SB_0E21876C.jpg,00591-5556-01_PART_1_OF_1_CHAL10_SF_0E21876C.jpg,00591-5694-01_PART_1_OF_1_CHAL10_SB_F90E7C93.jpg,00591-5694-01_PART_1_OF_1_CHAL10_SF_F90E7C93.jpg,00591-5788-01_PART_1_OF_1_CHAL10_SB_C51FE2DF.jpg,00591-5788-01_PART_1_OF_1_CHAL10_SF_C51FE2DF.jpg,00597-0044-37_PART_1_OF_1_CHAL10_SB_D116E8D7.jpg,00597-0044-37_PART_1_OF_1_CHAL10_SF_D116E8D7.jpg,00597-0046-60_PART_1_OF_1_CHAL10_SB_C01DE05F.jpg,00597-0046-60_PART_1_OF_1_CHAL10_SF_C01DE05F.jpg,00603-2406-21_PART_1_OF_1_CHAL10_SB_92204932.jpg,00603-2406-21_PART_1_OF_1_CHAL10_SF_92204932.jpg,00603-2545-21_PART_1_OF_1_CHAL10_SB_F223797B.jpg,00603-2545-21_PART_1_OF_1_CHAL10_SF_F223797B.jpg,00603-2957-21_PART_1_OF_1_CHAL10_SB_46232309.jpg,00603-2957-21_PART_1_OF_1_CHAL10_SF_46232309.jpg,00603-3079-21_PART_1_OF_1_CHAL10_SB_F4267A63.jpg,00603-3079-21_PART_1_OF_1_CHAL10_SF_F4267A63.jpg,00603-3741-21_PART_1_OF_1_CHAL10_SB_DD22EEE7.jpg,00603-3741-21_PART_1_OF_1_CHAL10_SF_DD22EEE7.jpg,00603-3856-21_PART_1_OF_1_CHAL10_SB_AC265632.jpg,00603-3856-21_PART_1_OF_1_CHAL10_SF_AC265632.jpg,00603-5165-32_PART_1_OF_1_CHAL10_SB_2F1B97BC.jpg,00603-5165-32_PART_1_OF_1_CHAL10_SF_2F1B97BC.jpg,00603-5438-21_PART_1_OF_1_CHAL10_SB_B0265872.jpg,00603-5438-21_PART_1_OF_1_CHAL10_SF_B0265872.jpg,00603-5771-21_PART_1_OF_1_CHAL10_SB_38231C78.jpg,00603-5771-21_PART_1_OF_1_CHAL10_SF_38231C78.jpg,00603-6147-21_PART_1_OF_1_CHAL10_SB_212190CC.jpg,00603-6147-21_PART_1_OF_1_CHAL10_SF_212190CC.jpg,00603-6148-21_PART_1_OF_1_CHAL10_SB_5126A8E5.jpg,00603-6148-21_PART_1_OF_1_CHAL10_SF_5126A8E5.jpg,00777-3105-02_PART_1_OF_1_CHAL10_SB_061C8364.jpg,00777-3105-02_PART_1_OF_1_CHAL10_SF_061C8364.jpg,00781-1146-01_PART_1_OF_1_CHAL10_SB_F422FA27.jpg,00781-1146-01_PART_1_OF_1_CHAL10_SF_F422FA27.jpg,00781-1191-01_PART_1_OF_1_CHAL10_SB_F920FCA7.jpg,00781-1191-01_PART_1_OF_1_CHAL10_SF_F920FCA7.jpg,00781-1452-01_PART_1_OF_1_CHAL10_SB_D720EBF7.jpg,00781-1452-01_PART_1_OF_1_CHAL10_SF_D720EBF7.jpg,00781-1486-01_PART_1_OF_1_CHAL10_SB_16240B50.jpg,00781-1486-01_PART_1_OF_1_CHAL10_SF_16240B50.jpg
4478.jpg,21,30,25,35,8,9,42,20,17,32,28,49,50,27,31,4,37,47,34,10,48,40,23,7,22,24,45,38,6,12,19,2,46,41,5,15,14,3,36,26,18,29,39,44,16,11,33,43,13,1
1241.jpg,13,17,11,9,36,27,35,38,34,6,44,50,33,31,49,25,10,41,4,19,21,32,15,23,45,47,40,20,37,39,12,26,2,7,28,43,16,30,48,46,42,24,3,1,14,18,5,8,22,29
3471.jpg,14,21,7,11,31,27,39,36,33,5,41,50,49,30,48,22,13,47,3,18,37,34,15,20,42,45,43,26,32,35,6,23,8,9,25,40,12,28,46,44,38,29,2,1,10,17,4,16,19,24
4634.jpg,27,36,30,41,2,7,45,25,10,34,18,49,50,20,29,8,33,47,38,15,48,32,21,9,23,24,37,31,1,5,19,6,46,42,4,14,16,12,39,28,11,26,40,43,22,17,35,44,13,3
1752.jpg,7,6,4,1,31,27,23,28,40,5,44,50,49,41,45,19,29,48,9,13,47,43,24,21,32,35,46,36,30,39,15,20,12,2,26,33,14,18,37,34,42,38,17,16,10,11,8,3,25,22
2400.jpg,24,36,23,34,21,4,47,40,18,26,32,50,49,11,46,13,7,41,28,15,43,22,1,5,42,44,33,10,25,29,3,12,39,35,8,37,6,20,48,45,31,9,19,30,17,16,27,38,2,14
546.jpg,37,46,36,39,16,14,49,43,9,32,8,50,47,7,31,24,10,1,35,26,4,3,11,19,40,41,2,5,18,15,20,23,38,42,17,34,25,28,48,44,12,6,21,27,30,29,33,45,13,22
243.jpg,30,40,27,36,24,9,47,42,17,23,33,50,49,6,46,15,2,35,26,18,34,8,3,11,43,44,22,1,28,31,7,14,38,37,13,41,12,29,48,45,32,4,10,19,20,21,25,39,5,16
851.jpg,12,19,8,9,31,28,36,35,33,4,43,50,49,30,48,22,15,47,2,17,38,34,18,21,41,44,45,27,32,37,11,23,6,7,26,39,14,25,46,42,40,29,5,1,13,16,3,10,20,24
4891.jpg,26,30,29,33,10,19,27,5,21,35,22,49,50,32,6,13,42,47,37,18,48,41,31,17,3,2,44,40,7,9,28,15,46,39,16,1,23,8,11,4,14,34,43,45,24,20,36,38,25,12
3019.jpg,13,17,11,9,35,27,36,38,34,6,44,50,33,31,49,25,10,41,4,21,18,32,15,23,45,47,40,20,37,39,12,26,2,7,28,43,16,30,48,46,42,24,3,1,14,19,5,8,22,29
1521.jpg,33,37,34,43,6,10,40,21,7,38,3,49,50,17,4,15,35,36,41,24,48,27,26,16,14,12,23,32,5,2,29,13,47,44,9,8,25,18,31,20,1,22,42,45,30,28,39,46,19,11
1891.jpg,28,35,21,22,37,25,44,43,34,14,39,50,2,16,48,32,3,7,12,27,1,8,10,26,45,46,17,6,38,40,15,31,11,19,30,42,20,36,49,47,41,9,4,5,23,29,13,24,18,33
4035.jpg,29,39,28,37,17,6,48,40,8,30,21,50,49,2,45,15,11,33,34,22,36,7,3,9,43,44,18,4,19,20,12,14,42,38,10,35,16,25,47,46,23,1,27,32,26,24,31,41,5,13
295.jpg,32,36,34,41,6,13,37,19,8,38,5,49,50,21,1,16,35,43,40,22,48,31,26,18,10,9,29,33,4,3,28,15,47,44,11,7,24,17,27,14,2,25,42,46,30,23,39,45,20,12
3883.jpg,32,43,33,42,13,9,48,40,6,34,5,49,50,3,31,21,19,10,37,24,30,2,14,17,38,39,1,7,16,12,22,20,46,44,15,28,23,25,47,41,8,4,29,35,27,26,36,45,11,18
2257.jpg,18,33,20,35,14,6,45,31,17,25,30,50,49,21,42,3,27,47,28,9,48,37,15,1,34,36,43,29,16,19,12,2,44,40,5,24,8,10,46,38,22,23,32,39,13,11,26,41,7,4
2445.jpg,31,43,30,38,16,9,48,40,6,33,10,50,49,2,37,22,11,12,36,24,29,1,7,15,39,41,4,5,18,17,20,21,45,42,13,34,23,25,47,44,14,3,26,32,28,27,35,46,8,19
763.jpg,35,41,34,38,19,12,47,43,11,31,13,50,49,7,42,24,8,1,33,27,6,2,9,17,44,45,3,4,25,22,15,23,36,39,16,37,20,30,48,46,18,5,14,26,29,28,32,40,10,21
4906.jpg,11,20,12,29,18,14,35,17,28,25,40,50,49,34,43,4,39,47,30,2,48,45,23,9,22,24,46,42,16,21,13,5,44,32,10,19,8,1,36,26,31,38,37,41,7,3,27,33,15,6
2311.jpg,19,26,22,31,14,18,29,8,25,30,34,49,50,36,32,2,40,47,35,6,48,45,28,10,12,16,46,42,11,20,23,3,44,38,9,5,15,1,27,17,24,39,41,43,13,7,33,37,21,4
1452.jpg,33,41,34,42,5,7,45,30,4,37,1,49,50,8,14,16,32,35,40,22,47,20,21,11,26,25,18,27,6,3,24,13,48,44,9,15,23,19,36,29,2,17,38,43,31,28,39,46,12,10
1662.jpg,28,42,29,41,4,3,48,34,1,36,9,49,50,2,30,16,25,35,39,23,46,17,15,12,32,33,21,18,10,7,19,14,47,43,8,26,20,22,45,38,5,11,31,40,27,24,37,44,6,13
4943.jpg,3,9,6,16,30,21,26,12,34,17,42,50,49,40,43,7,39,47,24,4,48,45,31,13,20,28,46,44,27,33,14,10,38,29,15,19,8,2,32,23,36,41,35,37,5,1,18,25,22,11
1809.jpg,23,27,28,32,13,22,19,4,25,33,30,49,50,34,11,10,40,47,37,16,48,44,31,18,1,2,46,42,8,14,29,12,45,38,17,5,24,7,6,3,20,39,41,43,21,15,35,36,26,9
938.jpg,34,43,35,44,7,11,46,32,3,38,1,45,50,8,6,20,31,15,41,27,40,10,22,18,25,24,4,21,9,5,28,19,49,47,13,14,26,23,36,29,2,12,37,42,33,30,39,48,16,17
4985.jpg,10,4,9,2,36,29,14,23,40,7,44,50,49,41,45,20,28,48,8,15,46,43,25,22,31,33,47,37,35,38,17,21,5,3,27,34,16,19,30,32,42,39,18,13,11,12,6,1,26,24
2042.jpg,1,4,2,6,31,28,24,22,38,8,43,50,49,39,45,16,34,48,13,7,47,44,27,19,30,35,46,42,29,37,15,17,20,11,21,32,12,14,36,33,41,40,26,23,3,5,9,10,25,18
3497.jpg,23,30,27,34,10,17,31,5,22,33,28,49,50,32,24,8,40,47,37,15,48,43,29,14,3,7,45,41,4,13,26,9,46,39,12,1,19,2,25,11,18,36,42,44,20,16,35,38,21,6
1239.jpg,8,26,6,14,31,25,39,35,33,2,41,50,49,30,47,17,20,48,7,10,46,36,12,15,40,43,44,28,32,34,1,19,27,18,23,37,3,22,45,42,38,29,11,13,5,9,4,24,16,21
3372.jpg,18,33,20,34,15,6,45,31,17,25,30,50,49,21,43,3,26,47,29,9,48,37,14,1,35,36,42,28,16,19,11,2,44,40,5,24,8,10,46,38,22,23,32,39,13,12,27,41,7,4
1877.jpg,32,40,33,42,3,7,45,29,5,36,6,49,50,14,17,12,34,41,39,20,48,26,19,11,24,23,27,31,4,2,25,10,47,44,8,13,21,16,35,28,1,18,38,43,30,22,37,46,15,9
1185.jpg,11,10,9,4,32,28,26,29,35,7,45,50,49,34,47,21,18,48,5,17,44,42,19,23,36,40,46,30,33,39,15,22,2,1,27,37,16,20,41,38,43,31,12,8,13,14,6,3,24,25
2120.jpg,26,31,29,36,3,16,33,13,18,34,24,49,50,30,22,8,39,47,37,17,48,40,27,12,10,11,44,38,2,5,25,7,46,41,9,1,21,4,28,15,14,32,43,45,23,19,35,42,20,6
4768.jpg,21,24,26,31,14,25,9,4,28,33,30,49,50,38,10,11,41,47,37,16,48,45,32,19,1,3,46,44,8,17,29,13,43,36,18,5,22,7,6,2,23,39,40,42,20,15,35,34,27,12
2985.jpg,1,8,4,12,28,22,29,23,37,11,43,50,49,39,45,10,36,48,17,5,47,44,24,16,32,34,46,42,26,35,9,13,30,18,20,31,6,7,38,33,40,41,25,27,2,3,14,19,21,15
1606.jpg,26,32,29,37,2,11,36,17,13,33,23,49,50,28,24,8,40,47,38,15,48,39,27,10,14,16,44,35,1,5,25,7,46,42,9,3,21,6,30,20,12,31,41,45,22,19,34,43,18,4
1595.jpg,12,10,17,23,22,25,6,1,35,30,37,49,50,39,27,13,43,47,34,11,48,45,36,20,3,5,46,44,19,24,26,15,38,31,21,7,18,8,4,2,33,42,40,41,14,9,32,28,29,16
2897.jpg,7,26,4,17,30,23,40,35,33,5,43,50,49,32,47,14,24,48,10,8,46,38,11,13,39,42,45,28,31,34,1,16,27,21,22,36,2,20,44,41,37,29,12,18,3,6,9,25,15,19
1242.jpg,28,42,29,41,7,3,48,37,2,31,14,49,50,1,35,16,24,33,34,21,45,17,9,8,36,38,22,18,11,10,19,15,46,43,5,27,20,23,47,40,12,6,30,39,26,25,32,44,4,13
2703.jpg,26,30,29,33,10,19,27,5,21,35,22,49,50,32,6,13,42,47,37,18,48,41,31,17,3,2,44,40,7,9,28,14,46,39,16,1,23,8,11,4,15,34,43,45,24,20,36,38,25,12
2455.jpg,2,1,6,10,31,28,7,4,37,19,43,50,49,41,40,12,39,48,26,9,47,45,33,24,15,21,46,44,30,34,23,14,32,18,27,25,11,8,20,16,38,42,36,35,5,3,22,13,29,17
276.jpg,24,35,17,23,36,21,45,43,33,10,39,50,41,16,48,30,1,26,7,22,3,13,6,20,44,46,31,5,37,38,11,29,12,18,28,42,15,34,49,47,40,8,2,4,19,25,9,27,14,32
2539.jpg,24,34,18,17,37,28,44,43,36,9,40,50,14,21,49,31,4,23,7,25,1,15,10,27,45,46,30,5,38,39,11,32,6,13,29,42,16,35,48,47,41,12,2,3,22,26,8,20,19,33
3466.jpg,27,39,28,41,4,1,47,31,3,34,15,49,50,13,33,11,26,44,38,19,48,25,14,6,30,32,29,24,5,9,20,10,46,42,2,23,17,16,45,35,12,18,36,40,22,21,37,43,7,8
3855.jpg,6,1,5,3,36,31,11,19,38,7,43,50,49,41,44,20,34,48,9,14,47,45,28,24,30,32,46,40,35,37,17,21,12,4,25,33,15,16,26,29,42,39,22,18,10,13,8,2,27,23
3566.jpg,29,40,28,38,30,11,47,42,24,17,35,50,49,7,46,22,1,27,18,21,13,6,3,14,43,44,16,2,32,34,8,20,33,37,15,41,12,31,48,45,36,4,5,10,25,26,19,39,9,23
319.jpg,32,44,33,42,13,10,48,40,7,35,6,49,50,4,30,21,17,3,37,25,23,2,14,18,38,39,1,8,15,11,22,20,46,43,16,29,24,26,47,41,9,5,28,34,31,27,36,45,12,19
644.jpg,26,28,29,33,11,23,16,7,21,34,22,48,50,31,5,14,42,47,38,19,49,40,32,18,3,1,43,41,8,9,30,15,46,39,17,4,25,10,6,2,12,36,44,45,24,20,35,37,27,13
3153.jpg,35,40,31,37,24,12,47,42,17,25,29,50,49,6,46,21,2,13,28,22,11,4,5,14,43,44,10,1,30,32,9,19,36,38,16,41,15,34,48,45,33,3,8,18,23,26,27,39,7,20
2496.jpg,24,30,25,35,8,12,37,15,22,32,27,49,50,28,29,3,38,47,36,10,48,43,26,9,16,19,45,41,5,13,23,4,46,39,6,7,14,1,31,21,20,33,42,44,18,11,34,40,17,2
740.jpg,1,5,2,6,30,26,28,27,37,8,43,50,49,40,45,16,31,48,11,7,47,44,25,18,33,35,46,41,29,36,14,17,20,12,21,32,10,15,38,34,42,39,24,23,3,4,9,13,22,19
395.jpg,33,41,35,43,5,8,47,32,2,37,1,49,50,7,23,15,28,34,39,25,46,16,18,12,29,30,17,21,6,4,24,14,48,44,9,19,22,20,42,31,3,13,36,40,27,26,38,45,10,11
373.jpg,15,16,13,11,37,28,34,40,36,8,44,50,1,33,49,26,12,35,5,22,10,29,17,25,45,47,38,19,39,41,14,27,2,6,30,43,20,32,48,46,42,24,4,3,18,21,7,9,23,31
940.jpg,32,43,33,42,12,11,48,40,7,35,5,49,50,3,27,21,18,4,39,26,25,2,14,17,36,37,1,8,15,10,22,20,46,44,16,28,23,24,47,41,9,6,31,34,30,29,38,45,13,19
1025.jpg,14,25,15,27,18,13,43,26,21,19,40,50,49,28,45,2,31,47,23,1,48,41,16,7,33,35,46,38,17,20,11,3,42,34,10,24,4,8,44,37,29,30,32,39,9,5,22,36,12,6
3431.jpg,28,42,29,41,6,3,48,37,1,33,8,49,50,2,32,17,24,31,38,23,45,15,13,12,35,36,19,18,11,10,20,16,46,43,7,27,21,22,47,39,9,5,30,40,26,25,34,44,4,14
915.jpg,6,4,2,1,31,28,23,27,40,7,44,50,49,41,45,19,29,48,9,12,47,43,24,21,32,35,46,38,30,37,15,20,13,5,26,33,14,17,36,34,42,39,18,16,10,11,8,3,25,22
2096.jpg,19,34,16,25,32,18,46,41,30,8,39,50,49,24,48,21,1,42,11,14,37,29,3,13,43,44,38,9,33,35,4,22,28,27,20,40,5,26,47,45,36,15,2,6,12,17,10,31,7,23
4190.jpg,10,4,9,3,36,29,16,24,40,8,44,50,49,41,45,20,28,48,7,14,46,43,25,22,31,33,47,37,35,39,18,21,5,2,27,34,15,19,30,32,42,38,17,12,11,13,6,1,26,23
636.jpg,1,7,4,10,29,23,24,21,37,13,43,50,49,40,44,9,38,48,17,5,47,45,25,16,28,31,46,42,26,35,12,11,34,19,20,27,8,6,36,30,39,41,32,33,2,3,15,18,22,14
1474.jpg,22,35,24,34,14,3,45,36,15,26,29,50,49,16,44,8,21,46,31,11,48,28,6,2,39,41,37,23,18,20,9,5,43,38,4,32,10,13,47,42,25,19,27,33,17,12,30,40,1,7
536.jpg,23,36,20,30,27,7,46,40,26,19,37,50,49,18,47,14,4,43,22,9,41,28,1,6,42,44,38,11,29,31,2,13,35,32,10,39,5,25,48,45,33,12,8,24,15,16,21,34,3,17
1082.jpg,30,42,33,43,6,10,48,35,2,37,1,49,50,3,28,19,25,26,39,23,41,9,16,14,31,32,7,17,11,5,20,18,47,44,13,24,22,21,45,36,4,8,34,40,29,27,38,46,12,15
2403.jpg,17,34,16,32,20,6,44,39,24,23,35,50,49,19,45,10,15,46,27,8,47,31,3,5,41,42,40,22,26,28,1,9,38,33,7,37,4,14,48,43,30,18,21,29,13,12,25,36,2,11
2442.jpg,28,33,31,38,9,19,30,10,13,37,11,48,50,25,1,18,41,47,40,21,49,34,29,20,4,3,35,36,7,6,27,17,46,43,16,2,24,12,14,5,8,32,44,45,26,23,39,42,22,15
529.jpg,10,14,6,5,31,27,30,32,35,3,44,50,49,34,47,20,19,48,1,17,45,39,18,21,38,41,46,28,33,36,13,23,9,4,26,37,15,22,43,40,42,29,11,8,12,16,2,7,24,25
564.jpg,15,30,11,23,31,19,45,38,32,6,37,50,49,29,48,17,5,46,8,12,41,34,3,16,42,43,40,22,33,35,1,18,27,24,20,39,4,26,47,44,36,25,2,10,9,14,7,28,13,21
4509.jpg,16,27,19,32,13,11,40,20,22,28,33,49,50,30,41,2,36,47,31,5,48,44,21,6,23,25,46,42,12,18,15,3,45,35,8,17,9,1,38,26,24,34,39,43,10,7,29,37,14,4
2102.jpg,15,30,12,24,32,19,45,40,31,6,37,50,49,28,48,17,4,46,9,13,41,33,3,16,42,43,38,20,34,35,1,18,27,25,21,39,5,26,47,44,36,23,2,8,10,14,7,29,11,22
2440.jpg,14,25,15,30,17,12,41,22,21,23,38,50,49,29,45,1,34,47,27,4,48,43,18,7,28,31,46,39,16,19,11,3,44,35,9,20,8,2,42,32,26,33,36,40,10,6,24,37,13,5
2217.jpg,28,41,29,42,3,2,48,34,1,35,11,49,50,4,30,15,27,39,38,22,47,17,16,10,31,33,24,21,9,7,19,13,46,43,5,25,18,20,45,37,8,14,32,40,26,23,36,44,6,12
2343.jpg,2,10,1,6,31,26,29,28,35,3,44,50,49,37,45,18,27,48,7,12,47,43,23,21,36,40,46,34,30,38,14,20,16,9,25,32,13,17,42,39,41,33,19,15,4,8,5,11,24,22
1180.jpg,26,40,24,32,28,10,46,42,25,19,37,50,49,8,47,17,1,39,22,15,33,12,2,11,43,44,29,3,30,31,5,16,35,34,14,41,9,27,48,45,36,4,6,13,18,23,21,38,7,20
2057.jpg,17,27,23,31,14,15,34,11,24,29,32,49,50,33,36,2,40,47,35,5,48,44,26,8,16,18,46,42,10,19,22,3,45,38,7,9,12,1,28,21,25,39,41,43,13,6,30,37,20,4
2426.jpg,30,38,33,41,1,7,44,27,5,35,9,49,50,16,23,12,34,46,39,17,48,29,19,11,24,25,32,31,3,2,22,10,47,43,6,14,18,15,37,28,4,21,40,42,26,20,36,45,13,8
2676.jpg,16,27,19,32,13,10,42,20,21,28,33,49,50,29,40,2,35,47,31,5,48,44,22,6,23,25,46,41,11,18,15,3,45,36,7,17,9,1,37,26,24,34,39,43,12,8,30,38,14,4
4989.jpg,15,22,10,12,34,26,40,38,33,5,42,50,49,30,48,23,6,44,3,18,32,31,11,21,43,46,39,20,35,36,8,24,7,9,27,41,13,29,47,45,37,25,2,1,14,17,4,16,19,28
4209.jpg,28,39,29,36,15,5,48,37,8,30,22,50,49,1,45,14,17,35,32,20,43,13,4,7,40,41,25,9,18,19,11,12,46,38,6,34,16,24,47,44,21,3,27,33,26,23,31,42,2,10
1476.jpg,11,2,7,3,36,32,6,20,38,9,44,50,49,41,43,21,33,48,10,15,46,45,29,25,27,31,47,39,35,37,18,23,5,4,28,34,16,17,22,26,42,40,19,14,12,13,8,1,30,24
3078.jpg,13,24,19,30,18,20,29,7,26,31,38,49,50,37,36,2,41,47,33,5,48,45,28,10,14,16,46,43,15,23,21,3,44,35,11,8,12,1,25,17,27,39,40,42,9,4,32,34,22,6
1994.jpg,12,29,10,18,33,24,42,40,32,6,39,50,49,30,48,22,3,44,4,13,35,31,8,20,43,45,38,19,34,36,7,23,14,17,26,41,9,28,47,46,37,25,1,2,11,16,5,21,15,27
2875.jpg,21,29,25,34,10,17,31,7,23,33,30,49,50,32,27,4,40,47,36,11,48,44,28,13,8,12,46,42,6,16,24,5,45,39,9,2,18,1,26,15,22,37,41,43,19,14,35,38,20,3
3143.jpg,14,20,8,11,31,27,38,37,33,5,42,50,49,30,48,22,10,46,3,18,35,32,16,21,43,45,41,23,34,36,7,24,6,9,26,40,13,28,47,44,39,29,2,1,12,17,4,15,19,25
1323.jpg,11,12,9,7,33,27,29,31,35,4,45,50,49,32,48,20,18,47,1,17,43,38,19,21,39,41,46,28,34,36,14,24,2,5,26,37,15,22,44,40,42,30,10,6,13,16,3,8,23,25
1717.jpg,3,1,6,4,34,31,2,8,37,13,44,50,49,41,40,20,38,48,16,11,47,45,35,26,19,22,46,43,32,36,23,21,24,9,28,27,17,12,14,18,39,42,33,30,7,10,15,5,29,25
2472.jpg,15,21,23,30,18,24,19,1,29,31,37,49,50,38,28,8,41,47,35,12,48,45,32,17,2,4,46,44,13,22,25,10,43,36,16,5,20,6,7,3,27,39,40,42,14,9,33,34,26,11
516.jpg,3,16,2,11,28,25,37,30,32,8,43,50,49,33,46,12,27,48,10,6,47,42,20,15,38,41,45,34,29,35,7,14,26,18,21,36,5,13,44,40,39,31,23,24,1,4,9,22,19,17
3277.jpg,25,37,24,34,21,5,47,42,16,26,32,50,49,8,46,13,6,40,30,15,41,17,1,9,43,44,33,7,23,27,4,12,39,35,10,36,11,22,48,45,31,3,18,29,20,19,28,38,2,14
1950.jpg,12,11,10,7,33,28,27,31,35,6,45,50,49,32,48,20,18,47,3,17,42,40,19,22,37,41,46,29,34,38,14,23,1,2,26,36,16,21,43,39,44,30,9,8,13,15,5,4,24,25
4177.jpg,1,3,2,5,34,27,20,22,38,9,43,50,49,39,45,16,36,48,13,7,47,44,28,19,29,33,46,42,32,37,15,17,21,10,23,31,12,14,35,30,41,40,26,25,4,6,11,8,24,18
1897.jpg,5,15,10,20,22,16,32,14,33,21,42,50,49,38,44,6,39,47,27,3,48,45,28,11,23,26,46,43,19,31,13,7,40,30,12,18,8,1,34,25,35,41,36,37,4,2,24,29,17,9
1318.jpg,28,32,29,41,2,12,38,19,11,35,16,49,50,26,21,10,37,47,40,18,48,33,27,13,14,15,39,34,1,3,25,8,46,43,7,4,23,9,31,20,5,30,42,45,24,22,36,44,17,6
597.jpg,31,40,29,36,18,8,47,42,12,30,24,50,49,4,46,16,6,33,34,20,35,7,3,10,43,44,17,2,21,23,9,14,39,38,11,37,13,27,48,45,26,1,19,28,25,22,32,41,5,15
202.jpg,19,35,22,36,10,7,45,24,17,29,26,49,50,23,39,3,32,47,33,8,48,38,18,5,27,28,44,34,11,16,14,2,46,40,4,21,12,6,43,30,20,25,37,41,15,13,31,42,9,1
195.jpg,7,4,11,13,29,30,1,2,38,22,42,49,50,41,35,18,40,48,25,14,47,45,34,24,6,8,46,44,28,33,26,20,32,17,27,16,19,9,3,5,37,43,39,36,12,10,23,15,31,21
4387.jpg,16,29,18,33,15,10,44,22,21,26,34,50,49,25,42,1,35,47,31,6,48,43,19,5,24,27,46,37,13,17,14,2,45,38,7,20,9,4,41,30,23,32,36,40,11,8,28,39,12,3
3191.jpg,20,30,13,14,36,26,44,42,34,8,40,50,41,25,49,27,3,33,4,21,7,23,10,24,45,46,35,9,37,38,11,28,5,12,29,43,15,32,48,47,39,16,1,2,18,22,6,17,19,31
1679.jpg,29,43,30,37,12,5,48,38,8,31,18,50,49,1,41,17,11,28,34,23,36,7,4,10,39,42,16,6,19,21,14,15,46,40,9,35,22,24,47,44,20,2,27,33,26,25,32,45,3,13
1478.jpg,12,11,9,7,33,27,28,31,35,6,45,50,49,32,47,21,18,48,3,17,43,40,19,22,37,41,46,29,34,38,14,23,1,2,26,36,16,20,42,39,44,30,10,8,13,15,5,4,24,25
3005.jpg,23,36,22,33,20,5,47,39,19,26,32,50,49,14,45,9,16,44,29,11,46,28,2,4,41,42,37,18,21,25,3,8,40,35,7,34,6,17,48,43,30,13,24,31,15,12,27,38,1,10
482.jpg,35,41,34,36,22,9,47,42,11,31,21,50,49,4,45,20,5,10,33,23,16,3,6,13,43,44,7,1,25,26,12,18,38,37,14,39,17,30,48,46,24,2,15,27,29,28,32,40,8,19
555.jpg,12,11,10,8,34,29,28,32,36,7,45,50,48,31,49,21,17,47,4,18,33,37,19,22,40,42,46,26,35,38,14,24,1,2,27,39,15,23,43,41,44,30,9,3,13,16,6,5,20,25
3738.jpg,15,30,11,25,29,18,44,38,31,10,39,50,49,27,48,16,12,46,14,5,45,35,3,9,41,42,40,23,33,34,1,17,32,26,19,37,2,22,47,43,36,24,8,21,4,7,13,28,6,20
1396.jpg,26,32,30,36,3,16,33,13,17,34,23,49,50,29,19,8,40,47,37,18,48,39,28,15,9,10,44,38,2,4,25,7,46,41,11,1,22,5,27,14,12,31,43,45,24,20,35,42,21,6
1797.jpg,32,43,33,42,9,10,48,35,2,37,1,49,50,3,27,19,24,20,39,26,41,6,17,15,30,31,5,14,11,7,21,18,47,44,13,25,23,22,45,36,4,8,34,40,29,28,38,46,12,16
2583.jpg,5,21,7,20,25,19,41,29,30,14,42,50,49,32,45,8,28,48,18,3,47,43,17,11,38,39,46,36,26,31,6,9,33,22,13,34,4,10,44,40,37,35,23,27,1,2,16,24,15,12
3984.jpg,13,28,10,17,33,25,42,39,32,6,40,50,49,30,48,22,4,43,3,15,35,31,8,21,44,45,38,19,34,36,7,23,12,14,26,41,9,29,47,46,37,24,1,2,11,16,5,20,18,27
1040.jpg,16,27,17,32,15,10,42,22,20,24,35,50,49,26,44,1,34,47,29,5,48,41,18,6,28,30,46,38,14,19,13,2,45,37,7,21,9,4,43,33,23,31,36,40,11,8,25,39,12,3
2232.jpg,2,8,1,5,31,26,28,27,37,6,43,50,49,39,45,16,29,48,10,9,47,44,25,18,33,35,46,40,30,36,14,17,20,12,23,32,11,15,41,34,42,38,22,21,3,4,7,13,24,19
4153.jpg,20,31,14,16,35,26,43,41,33,6,40,50,47,25,49,27,3,36,4,21,11,24,9,23,44,45,34,8,37,38,10,29,7,12,28,42,13,32,48,46,39,15,1,2,17,22,5,19,18,30
6.jpg,23,38,25,39,8,2,46,31,10,29,22,50,49,18,41,7,27,47,34,14,48,28,13,3,33,35,37,26,9,16,15,6,45,42,1,24,11,12,44,36,19,21,32,40,20,17,30,43,5,4
1015.jpg,10,11,9,5,32,27,28,30,35,4,45,50,49,34,47,21,18,48,2,17,44,41,19,22,38,40,46,29,33,37,14,23,6,1,26,36,16,20,42,39,43,31,12,8,13,15,3,7,24,25
1373.jpg,12,13,10,9,35,30,32,38,36,7,47,50,34,31,49,24,11,45,4,19,22,33,18,23,43,46,42,20,37,39,14,25,1,5,29,40,16,26,48,44,41,28,3,2,15,17,6,8,21,27
2219.jpg,11,17,9,8,31,27,34,35,33,3,44,50,49,30,48,22,18,47,1,16,41,36,19,21,40,43,46,28,32,37,13,23,7,6,26,38,14,24,45,42,39,29,5,4,12,15,2,10,20,25
774.jpg,10,25,7,15,31,26,39,36,33,1,40,50,49,30,48,21,14,47,3,13,42,34,12,20,41,44,45,28,32,35,5,22,17,16,24,38,8,27,46,43,37,29,4,6,9,11,2,19,18,23
3624.jpg,29,36,30,40,3,10,41,22,6,37,9,49,50,21,15,12,35,46,39,19,48,31,25,14,17,18,34,33,2,1,26,11,47,43,8,5,23,13,32,20,4,28,42,45,27,24,38,44,16,7
1738.jpg,10,5,9,3,35,29,17,27,40,8,44,50,49,39,46,20,25,48,6,15,45,43,23,22,31,34,47,37,33,41,18,21,4,2,28,36,16,19,30,32,42,38,14,11,12,13,7,1,26,24
3863.jpg,13,23,19,30,18,20,26,2,28,31,38,49,50,37,36,3,41,47,33,5,48,45,29,11,10,15,46,44,17,24,21,6,43,35,12,8,14,1,25,16,27,39,40,42,9,4,32,34,22,7
2115.jpg,8,12,6,5,32,27,28,30,35,2,44,50,49,34,47,19,23,48,3,17,45,41,18,21,38,40,46,29,33,37,15,22,9,4,26,36,16,20,43,39,42,31,13,10,11,14,1,7,24,25
1160.jpg,10,4,9,3,33,29,19,28,40,6,44,50,49,39,46,20,27,48,7,14,45,43,24,22,30,36,47,37,31,41,17,21,8,2,26,35,15,18,34,32,42,38,16,12,11,13,5,1,25,23
3360.jpg,30,40,28,38,31,14,48,42,21,19,32,50,45,9,47,24,3,6,17,23,1,4,8,16,43,44,10,2,34,37,13,22,29,33,20,41,15,35,49,46,36,5,7,11,26,27,18,39,12,25
18.jpg,4,1,8,11,31,29,2,3,37,22,43,50,49,41,39,15,40,48,26,9,47,45,34,24,12,14,46,44,28,33,25,18,32,21,27,20,16,6,13,10,38,42,36,35,7,5,23,17,30,19
2901.jpg,11,27,6,19,31,23,41,36,33,3,39,50,49,30,48,17,16,47,7,9,45,35,12,15,40,42,44,28,32,34,1,18,26,20,22,38,2,24,46,43,37,29,8,13,5,10,4,25,14,21
4889.jpg,10,7,14,18,27,29,2,1,36,25,40,49,50,41,33,15,42,47,30,13,48,45,35,21,5,6,46,44,23,31,26,16,37,24,22,9,19,8,3,4,34,43,39,38,12,11,28,20,32,17
